titre,entreprise,ville,contrat,date,lien,source
Assistant RH,N/A,Dakar,Emplois,9 avr. 2026 à 0h00,https://annonces.senego.com/assistant-rh/380,senego.com
Country Growth Operations Lead,N/A,Dakar,Emplois,9 avr. 2026 à 0h00,https://annonces.senego.com/country-growth-operations-lead/377,senego.com
Responsable National Multimédia et Contenus Numériques,N/A,Dakar,Emplois,9 avr. 2026 à 0h00,https://annonces.senego.com/responsable-national-multimedia-et-contenus-numeriques/374,senego.com
Vidéaste,N/A,Dakar,Emplois,9 avr. 2026 à 0h00,https://annonces.senego.com/videaste/371,senego.com
Superviseur des cultures et des contrats d’achat (H/F),N/A,Dakar,Emplois,9 avr. 2026 à 0h00,https://annonces.senego.com/superviseur-des-cultures-et-des-contrats-dachat-h-f/384,senego.com
Commercial terrain,N/A,Dakar,Emplois,9 avr. 2026 à 0h00,https://annonces.senego.com/commercial-terrain/368,senego.com
Stage En ligne sur la fonction Évaluation,N/A,Dakar,Emplois,9 avr. 2026 à 0h00,https://annonces.senego.com/stage-en-ligne-sur-la-fonction-evaluation/381,senego.com
Ingénieur Traitement de l’Eau – Optimisation Énergétique,N/A,Dakar,Emplois,9 avr. 2026 à 0h00,https://annonces.senego.com/ingenieur-traitement-de-leau-optimisation-energetique/378,senego.com
Stagiaire Archiviste Financier,N/A,Dakar,Emplois,9 avr. 2026 à 0h00,https://annonces.senego.com/stagiaire-archiviste-financier/375,senego.com
Créateur de contenu / Vlog / Journalisme,N/A,Dakar,Emplois,9 avr. 2026 à 0h00,https://annonces.senego.com/createur-de-contenu-vlog-journalisme/372,senego.com
Closer / Setter (Commercial sur les Réseaux Sociaux),N/A,Dakar,Emplois,9 avr. 2026 à 0h00,https://annonces.senego.com/closer-setter-commercial-sur-les-reseaux-sociaux/369,senego.com
Assistant(e) Administratif(ve) et Comptable Bilingue,N/A,Dakar,Emplois,9 avr. 2026 à 0h00,https://annonces.senego.com/assistant-e-administratif-ve-et-comptable-bilingue/382,senego.com
Responsable de Compétences (RC),N/A,Dakar,Emplois,8 avr. 2026 à 18h00,https://annonces.senego.com/responsable-de-competences-rc/366,senego.com
ALIMA RECRUTE SES FUTUR·E·S COORDINATEUR.RICES DE PROJET – H/FCDI,N/A,Dakar,Emplois,8 avr. 2026 à 18h00,https://annonces.senego.com/alima-recrute-ses-futur·e·s-coordinateur.rices-de-projet-h-fcdi/367,senego.com
Comptable confirmé,N/A,Dakar,Emplois,8 avr. 2026 à 18h00,https://annonces.senego.com/comptable-confirme/364,senego.com
CHEF DE SECTEUR JUNIOR,N/A,Dakar,Emplois,8 avr. 2026 à 18h00,https://annonces.senego.com/chef-de-secteur-junior/365,senego.com
Responsable des Operations,N/A,Dakar,Emplois,8 avr. 2026 à 0h00,https://annonces.senego.com/responsable-des-operations/359,senego.com
Business Developer – Merchant Payments,N/A,Dakar,Emplois,8 avr. 2026 à 0h00,https://annonces.senego.com/business-developer-merchant-payments/356,senego.com
Enquêteurs,N/A,Dakar,Emplois,8 avr. 2026 à 0h00,https://annonces.senego.com/enqueteurs/353,senego.com
Graphique Designer Senior,N/A,Dakar,Emplois,8 avr. 2026 à 0h00,https://annonces.senego.com/graphique-designer-senior/358,senego.com
Chauffeur Bilingue,N/A,Dakar,Emplois,8 avr. 2026 à 0h00,https://annonces.senego.com/chauffeur-bilingue/355,senego.com
Consultant·e pour la conception du Tostan Junior Program,N/A,Dakar,Emplois,8 avr. 2026 à 0h00,https://annonces.senego.com/consultant·e-pour-la-conception-du-tostan-junior-program/352,senego.com
Stagiaire Déclarant en Douane,N/A,Dakar,Emplois,8 avr. 2026 à 0h00,https://annonces.senego.com/stagiaire-declarant-en-douane/349,senego.com
Traducteurs professionnels,N/A,Dakar,Emplois,8 avr. 2026 à 0h00,https://annonces.senego.com/traducteurs-professionnels/362,senego.com
Auditeur Confirmé,N/A,Dakar,Emplois,8 avr. 2026 à 0h00,https://annonces.senego.com/auditeur-confirme/350,senego.com
Responsable Commercial.e & Partenariats (Part-time) – UBB,N/A,Dakar,Emplois,8 avr. 2026 à 0h00,https://annonces.senego.com/responsable-commercial.e-partenariats-part-time-ubb/363,senego.com
Stage en comptabilité,N/A,Dakar,Emplois,8 avr. 2026 à 0h00,https://annonces.senego.com/stage-en-comptabilite/347,senego.com
Spécialiste en Communication,N/A,Dakar,Emplois,8 avr. 2026 à 0h00,https://annonces.senego.com/specialiste-en-communication/360,senego.com
Manager Ressources Humaines – SAO (H/F)CDI,N/A,Dakar,Emplois,7 avr. 2026 à 18h01,https://annonces.senego.com/manager-ressources-humaines-sao-h-f-cdi/345,senego.com
Regional Program ManagerCDI,N/A,Dakar,Emplois,7 avr. 2026 à 18h01,https://annonces.senego.com/regional-program-managercdi/346,senego.com
Chargé d’études en organisation,N/A,Dakar,Emplois,7 avr. 2026 à 0h00,https://annonces.senego.com/charge-detudes-en-organisation/343,senego.com
Chargé de la réglementation des systèmes et moyens de paiement,N/A,Dakar,Emplois,7 avr. 2026 à 0h00,https://annonces.senego.com/charge-de-la-reglementation-des-systemes-et-moyens-de-paiement/340,senego.com
Conseillers Commerciaux (Free Télécom),N/A,Dakar,Emplois,7 avr. 2026 à 0h00,https://annonces.senego.com/conseillers-commerciaux-free-telecom/337,senego.com
Business Developer freelance — Apporteur d’affaires,N/A,Dakar,Emplois,7 avr. 2026 à 0h00,https://annonces.senego.com/business-developer-freelance-apporteur-daffaires/334,senego.com
Gérante Cuisinière,N/A,Dakar,Emplois,7 avr. 2026 à 0h00,https://annonces.senego.com/gerante-cuisiniere/331,senego.com
Chargé des projets de communication,N/A,Dakar,Emplois,7 avr. 2026 à 0h00,https://annonces.senego.com/charge-des-projets-de-communication/344,senego.com
Gestionnaire des incidents et des demandes d’assistance,N/A,Dakar,Emplois,7 avr. 2026 à 0h00,https://annonces.senego.com/gestionnaire-des-incidents-et-des-demandes-dassistance/341,senego.com
Chargé de domaine de formation « Secteurs bancaire et financier »,N/A,Dakar,Emplois,7 avr. 2026 à 0h00,https://annonces.senego.com/charge-de-domaine-de-formation-«-secteurs-bancaire-et-financier-»/338,senego.com
Directeur Clinique,N/A,Dakar,Emplois,6 avr. 2026 à 18h01,https://annonces.senego.com/directeur-clinique/322,senego.com
Stage subventionné pour jeunes diplômés au sein de la Délégation de l’...,N/A,Dakar,Emplois,6 avr. 2026 à 18h01,https://annonces.senego.com/stage-subventionne-pour-jeunes-diplomes-au-sein-de-la-delegation-de-lue-au-senegal/329,senego.com
Professeur du Second Degré – Arts Plastiques-Français,N/A,Dakar,Emplois,6 avr. 2026 à 18h01,https://annonces.senego.com/professeur-du-second-degre-arts-plastiques-francais/326,senego.com
Responsable Spa,N/A,Dakar,Emplois,6 avr. 2026 à 18h01,https://annonces.senego.com/responsable-spa/323,senego.com
"Senior Malaria Advisor, DOS LEAP Global – Senegal",N/A,Dakar,Emplois,6 avr. 2026 à 18h01,https://annonces.senego.com/senior-malaria-advisor-dos-leap-global-senegal/320,senego.com
Coordinateur Pédagogique,N/A,Dakar,Emplois,6 avr. 2026 à 18h01,https://annonces.senego.com/coordinateur-pedagogique/327,senego.com
GEF Projects Sub-Regional Coordinator,N/A,Dakar,Emplois,6 avr. 2026 à 18h01,https://annonces.senego.com/gef-projects-sub-regional-coordinator/324,senego.com
Business Development Director – Senegal,N/A,Dakar,Emplois,6 avr. 2026 à 18h01,https://annonces.senego.com/business-development-director-senegal/321,senego.com
Téléconseiller en prise de RDV B2B,N/A,Dakar,Emplois,4 avr. 2026 à 0h00,https://annonces.senego.com/teleconseiller-en-prise-de-rdv-b2b/318,senego.com
Restaurant Manager,N/A,Dakar,Emplois,4 avr. 2026 à 0h00,https://annonces.senego.com/restaurant-manager/315,senego.com
Responsable des Finances et de l’Administration,N/A,Dakar,Emplois,4 avr. 2026 à 0h00,https://annonces.senego.com/responsable-des-finances-et-de-ladministration/312,senego.com
Pricing and Quoting Intern Apprentice West Africa,N/A,Dakar,Emplois,4 avr. 2026 à 0h00,https://annonces.senego.com/~pricing-and-quoting-intern-apprentice-west-africa/309,senego.com
Ingénieur Bâtiment,N/A,Dakar,Emplois,4 avr. 2026 à 0h00,https://annonces.senego.com/ingenieur-batiment/306,senego.com
Chargé(e) de la Relation Client,N/A,Dakar,Emplois,4 avr. 2026 à 0h00,https://annonces.senego.com/charge-e-de-la-relation-client/303,senego.com
Techniciennes de Surface,N/A,Dakar,Emplois,4 avr. 2026 à 0h00,https://annonces.senego.com/techniciennes-de-surface/319,senego.com
"Stagiaire Suivi, Évaluation et Apprentissage",N/A,Dakar,Emplois,4 avr. 2026 à 0h00,https://annonces.senego.com/stagiaire-suivi-evaluation-et-apprentissage/311,senego.com
Adjoint/ Adjointe à la sécurité,N/A,Dakar,Emplois,4 avr. 2026 à 0h00,https://annonces.senego.com/adjoint-adjointe-a-la-securite/308,senego.com
Technicien Bâtiment H/F,N/A,Dakar,Emplois,4 avr. 2026 à 0h00,https://annonces.senego.com/technicien-batiment-h-f/305,senego.com
Télétravail - placement auprès d'entreprises internationales,N/A,Dakar,Emplois,3 avr. 2026 à 12h00,https://annonces.senego.com/teletravail-placement-aupres-dentreprises-internationales/302,senego.com
Gérant de boutique,N/A,Dakar,Emplois,3 avr. 2026 à 0h00,https://annonces.senego.com/gerant-de-boutique/300,senego.com
Responsable de Zone,N/A,Dakar,Emplois,3 avr. 2026 à 0h00,https://annonces.senego.com/responsable-de-zone/290,senego.com
Agent de Sécurité,N/A,Dakar,Emplois,3 avr. 2026 à 0h00,https://annonces.senego.com/agent-de-securite/287,senego.com
Rayonniste,N/A,Dakar,Emplois,3 avr. 2026 à 0h00,https://annonces.senego.com/rayonniste/297,senego.com
Content Manager,N/A,Dakar,Emplois,3 avr. 2026 à 0h00,https://annonces.senego.com/content-manager/294,senego.com
Développeur Fullstack Java/Vue js,N/A,Dakar,Emplois,3 avr. 2026 à 0h00,https://annonces.senego.com/developpeur-fullstack-java-vue-js/291,senego.com
Acheteur,N/A,Dakar,Emplois,3 avr. 2026 à 0h00,https://annonces.senego.com/acheteur/288,senego.com
Economic Specialist,N/A,Dakar,Emplois,3 avr. 2026 à 0h00,https://annonces.senego.com/economic-specialist/285,senego.com
Gérant de station,N/A,Dakar,Emplois,3 avr. 2026 à 0h00,https://annonces.senego.com/gerant-de-station/301,senego.com
Caissier,N/A,Dakar,Emplois,3 avr. 2026 à 0h00,https://annonces.senego.com/caissier/298,senego.com
Pompiste,N/A,Dakar,Emplois,3 avr. 2026 à 0h00,https://annonces.senego.com/pompiste/295,senego.com
Directeur (trice) artistique,N/A,Dakar,Emplois,3 avr. 2026 à 0h00,https://annonces.senego.com/directeur-trice-artistique/292,senego.com
Business Analyst,N/A,Dakar,Emplois,2 avr. 2026 à 0h00,https://annonces.senego.com/business-analyst/279,senego.com
Assistant.e au primaire bilingue,N/A,Dakar,Emplois,2 avr. 2026 à 0h00,https://annonces.senego.com/assistant.e-au-primaire-bilingue/276,senego.com
Chauffeur,N/A,Dakar,Emplois,2 avr. 2026 à 0h00,https://annonces.senego.com/chauffeur/273,senego.com
Télévendeurs en conquête mobile/marché français,N/A,Dakar,Emplois,2 avr. 2026 à 0h00,https://annonces.senego.com/televendeurs-en-conquete-mobile-marche-francais/270,senego.com
Chef de la sécurité,N/A,Dakar,Emplois,2 avr. 2026 à 0h00,https://annonces.senego.com/chef-de-la-securite/283,senego.com
Enseignant Bilingue,N/A,Dakar,Emplois,2 avr. 2026 à 0h00,https://annonces.senego.com/enseignant-bilingue/280,senego.com
Agent Enquêteur,N/A,Dakar,Emplois,2 avr. 2026 à 0h00,https://annonces.senego.com/agent-enqueteur/277,senego.com
Commercial B2B,N/A,Dakar,Emplois,2 avr. 2026 à 0h00,https://annonces.senego.com/commercial-b2b/274,senego.com
Commerciaux,N/A,Dakar,Emplois,2 avr. 2026 à 0h00,https://annonces.senego.com/commerciaux/278,senego.com
Cuisinière professionnelle,N/A,Dakar,Emplois,2 avr. 2026 à 0h00,https://annonces.senego.com/cuisiniere-professionnelle/275,senego.com
Technicien Electromécanicien,N/A,Dakar,Emplois,2 avr. 2026 à 0h00,https://annonces.senego.com/technicien-electromecanicien/272,senego.com
Public Engagement Assistant,N/A,Dakar,Emplois,2 avr. 2026 à 0h00,https://annonces.senego.com/public-engagement-assistant/269,senego.com
Contrôleur de Gestion,N/A,Dakar,Emplois,2 avr. 2026 à 0h00,https://annonces.senego.com/controleur-de-gestion/282,senego.com
Senior Specialist – WISH 2 Clinical SupportCDI,N/A,Dakar,Emplois,1er avr. 2026 à 12h00,https://annonces.senego.com/senior-specialist-wish-2-clinical-supportcdi/267,senego.com
Coordinateur.rice régional.e pédagogique Afrique,N/A,Dakar,Emplois,1er avr. 2026 à 6h01,https://annonces.senego.com/coordinateur.rice-regional.e-pedagogique-afrique/251,senego.com
Consultant Expert Socio ou Agroéconomiste,N/A,Dakar,Emplois,1er avr. 2026 à 6h01,https://annonces.senego.com/consultant-expert-socio-ou-agroeconomiste/255,senego.com
Responsable Fiscalité et Conformité,N/A,Dakar,Emplois,1er avr. 2026 à 6h01,https://annonces.senego.com/responsable-fiscalite-et-conformite/252,senego.com
Assistante Commerciale résidante à Tambacounda,N/A,Dakar,Emplois,1er avr. 2026 à 6h01,https://annonces.senego.com/assistante-commerciale-residante-a-tambacounda/265,senego.com
Maitre d’Hotel,N/A,Dakar,Emplois,1er avr. 2026 à 6h01,https://annonces.senego.com/maitre-dhotel/262,senego.com
Project Manager,N/A,Dakar,Emplois,1er avr. 2026 à 6h01,https://annonces.senego.com/project-manager/259,senego.com
Responsable Atelier Mécanique et Coordination,N/A,Dakar,Emplois,1er avr. 2026 à 6h01,https://annonces.senego.com/responsable-atelier-mecanique-et-coordination/256,senego.com
Chauffeur Paferceau/O Wood,N/A,Dakar,Emplois,1er avr. 2026 à 6h01,https://annonces.senego.com/chauffeur-paferceau-o-wood/253,senego.com
Stagiaire en Droit,N/A,Dakar,Emplois,1er avr. 2026 à 6h01,https://annonces.senego.com/stagiaire-en-droit/250,senego.com
Agents de nettoyage,N/A,Dakar,Emplois,1er avr. 2026 à 6h01,https://annonces.senego.com/agents-de-nettoyage/263,senego.com
Chargé.e de Gestion Administrative et Financière,N/A,Dakar,Emplois,1er avr. 2026 à 6h01,https://annonces.senego.com/charge.e-de-gestion-administrative-et-financiere/260,senego.com
Commercial Sédentaire / Téléprospecteur (H/F),N/A,Dakar,Emplois,1er avr. 2026 à 6h01,https://annonces.senego.com/commercial-sedentaire-teleprospecteur-h-f/257,senego.com
Agent de Support Client H/F,N/A,Dakar,Emplois,1er avr. 2026 à 6h01,https://annonces.senego.com/agent-de-support-client-h-f/254,senego.com
Assistant Caissier et commercial,N/A,Dakar,Emplois,1er avr. 2026 à 6h01,https://annonces.senego.com/assistant-caissier-et-commercial/264,senego.com
"Technical Specialists, Refugees and Displaced PersonsCDI",N/A,Dakar,Emplois,31 mars 2026 à 12h00,https://annonces.senego.com/technical-specialists-refugees-and-displaced-personscdi/249,senego.com
Consultant Support FAI avec expertise N1,N/A,Dakar,Emplois,31 mars 2026 à 12h00,https://annonces.senego.com/consultant-support-fai-avec-expertise-n1/248,senego.com
Ferrailleurs,N/A,Dakar,Emplois,31 mars 2026 à 0h00,https://annonces.senego.com/ferrailleurs/245,senego.com
Conducteur Travaux CVCD & Plomberie,N/A,Dakar,Emplois,31 mars 2026 à 0h00,https://annonces.senego.com/conducteur-travaux-cvcd-plomberie/242,senego.com
Internal Auditor,N/A,Dakar,Emplois,31 mars 2026 à 0h00,https://annonces.senego.com/internal-auditor/239,senego.com
Agent Assurance Qualité / Contrôle Qualité,N/A,Dakar,Emplois,31 mars 2026 à 0h00,https://annonces.senego.com/agent-assurance-qualite-controle-qualite/236,senego.com
Assistant de passation de marchés,N/A,Dakar,Emplois,31 mars 2026 à 0h00,https://annonces.senego.com/assistant-de-passation-de-marches/233,senego.com
Stagiaire Communication & Marketing Digital,N/A,Dakar,Emplois,31 mars 2026 à 0h00,https://annonces.senego.com/stagiaire-communication-marketing-digital/246,senego.com
Bilingual HR Operations,N/A,Dakar,Emplois,31 mars 2026 à 0h00,https://annonces.senego.com/bilingual-hr-operations/243,senego.com
Référent.e Maladies Non Transmissibles,N/A,Dakar,Emplois,31 mars 2026 à 0h00,https://annonces.senego.com/referent.e-maladies-non-transmissibles/234,senego.com
Global Assurance Manager,N/A,Dakar,Emplois,31 mars 2026 à 0h00,https://annonces.senego.com/global-assurance-manager/231,senego.com
Commercial Terrain (H/F),N/A,Dakar,Emplois,31 mars 2026 à 0h00,https://annonces.senego.com/commercial-terrain-h-f/247,senego.com
Ingénieur Génie Civil Bilingue,N/A,Dakar,Emplois,31 mars 2026 à 0h00,https://annonces.senego.com/ingenieur-genie-civil-bilingue/244,senego.com
Livreur,N/A,Dakar,Emplois,31 mars 2026 à 0h00,https://annonces.senego.com/livreur/241,senego.com
Regional Infrastructure Advisor,N/A,Dakar,Emplois,31 mars 2026 à 0h00,https://annonces.senego.com/regional-infrastructure-advisor/238,senego.com
Assistant(e) Administratif(ve) et Qualité,N/A,Dakar,Emplois,31 mars 2026 à 0h00,https://annonces.senego.com/assistant-e-administratif-ve-et-qualite/235,senego.com
Superviseur Génie Civil,N/A,Dakar,Emplois,31 mars 2026 à 0h00,https://annonces.senego.com/superviseur-genie-civil/232,senego.com
CommercialCDI,N/A,Dakar,Emplois,30 mars 2026 à 18h01,https://annonces.senego.com/commercialcdi/230,senego.com
APPEL à CONSULTANCE /Recrutement d'un.e Consul...,N/A,Dakar,Emplois,30 mars 2026 à 18h01,https://annonces.senego.com/appel-a-consultance-recrutement-dun.e-consul.../227,senego.com
APPEL à CONSULTANCE /Recrutement d'un.e Consultant.e pour la productio...,N/A,Dakar,Emplois,30 mars 2026 à 18h01,https://annonces.senego.com/appel-a-consultance-recrutement-dun.e-consultant.e-pour-la-production-des-videos-pour-le-projet-africa-health-collaborative/228,senego.com
"Humanitarian Affairs Officer/Pooled Fund Manager, P4CDI",N/A,Dakar,Emplois,30 mars 2026 à 12h00,https://annonces.senego.com/humanitarian-affairs-officer-pooled-fund-manager-p4cdi/225,senego.com
Tailleur Costume sur mesure,N/A,Dakar,Emplois,30 mars 2026 à 0h00,https://annonces.senego.com/tailleur-costume-sur-mesure/216,senego.com
Regional Business Development Director – West and Central Africa,N/A,Dakar,Emplois,30 mars 2026 à 0h00,https://annonces.senego.com/regional-business-development-director-west-and-central-africa/213,senego.com
Agent transit,N/A,Dakar,Emplois,30 mars 2026 à 0h00,https://annonces.senego.com/agent-transit/223,senego.com
Chef de mission – Expert en stratégie de communication,N/A,Dakar,Emplois,30 mars 2026 à 0h00,https://annonces.senego.com/chef-de-mission-expert-en-strategie-de-communication/220,senego.com
"Directeur(rice) Technique pour la santé maternelle, Néonatale et infan...",N/A,Dakar,Emplois,30 mars 2026 à 0h00,https://annonces.senego.com/directeur-rice-technique-pour-la-sante-maternelle-neonatale-et-infantile-et-nutrition/224,senego.com
Agent commercial,N/A,Dakar,Emplois,30 mars 2026 à 0h00,https://annonces.senego.com/agent-commercial/221,senego.com
Référent.e Maladies Non Transmissibles F/H,N/A,Dakar,Emplois,30 mars 2026 à 0h00,https://annonces.senego.com/referent.e-maladies-non-transmissibles-f-h/215,senego.com
Conducteur Travaux CVCD & plomberie,N/A,Dakar,Emplois,30 mars 2026 à 0h00,https://annonces.senego.com/conducteur-travaux-cvcd-plomberie/222,senego.com
Gestionnaire de Portefeuille,N/A,Dakar,Emplois,28 mars 2026 à 0h00,https://annonces.senego.com/gestionnaire-de-portefeuille/203,senego.com
Comptable & Assistant(e) administratif(ve),N/A,Dakar,Emplois,28 mars 2026 à 0h00,https://annonces.senego.com/comptable-assistant-e-administratif-ve/200,senego.com
"Officer, Livelihoods & Resilience",N/A,Dakar,Emplois,28 mars 2026 à 0h00,https://annonces.senego.com/officer-livelihoods-resilience/210,senego.com
Responsable des Etudes et offres,N/A,Dakar,Emplois,28 mars 2026 à 0h00,https://annonces.senego.com/responsable-des-etudes-et-offres/207,senego.com
Responsable de projet,N/A,Dakar,Emplois,28 mars 2026 à 0h00,https://annonces.senego.com/responsable-de-projet/204,senego.com
Responsable Commercial,N/A,Dakar,Emplois,28 mars 2026 à 0h00,https://annonces.senego.com/responsable-commercial/201,senego.com
Merchant Distribution Supervisor,N/A,Dakar,Emplois,28 mars 2026 à 0h00,https://annonces.senego.com/merchant-distribution-supervisor/211,senego.com
Directeur des Etudes et offres,N/A,Dakar,Emplois,28 mars 2026 à 0h00,https://annonces.senego.com/directeur-des-etudes-et-offres/208,senego.com
Conseiller technique régional STRIDES,N/A,Dakar,Emplois,28 mars 2026 à 0h00,https://annonces.senego.com/conseiller-technique-regional-strides/205,senego.com
Deux (2) premiers Commis de Cuisine,N/A,Dakar,Emplois,28 mars 2026 à 0h00,https://annonces.senego.com/deux-2-premiers-commis-de-cuisine/202,senego.com
Comptable,N/A,Dakar,Emplois,28 mars 2026 à 0h00,https://annonces.senego.com/comptable/199,senego.com
Interprète Billingue CHINOIS,N/A,Dakar,Emplois,28 mars 2026 à 0h00,https://annonces.senego.com/interprete-billingue-chinois/212,senego.com
Ingénieur de projets batiments,N/A,Dakar,Emplois,28 mars 2026 à 0h00,https://annonces.senego.com/ingenieur-de-projets-batiments/209,senego.com
Référent.e Maladies Non Transmissibles F/HCDI,N/A,Dakar,Emplois,27 mars 2026 à 18h01,https://annonces.senego.com/referent.e-maladies-non-transmissibles-f-hcdi/198,senego.com
Coordinateur.rice régional.e pédagogique AfriqueCDI,N/A,Dakar,Emplois,27 mars 2026 à 12h00,https://annonces.senego.com/coordinateur.rice-regional.e-pedagogique-afriquecdi/197,senego.com
Regional Business Development Director – West and Central AfricaCDI,N/A,Dakar,Emplois,26 mars 2026 à 18h00,https://annonces.senego.com/regional-business-development-director-west-and-central-africacdi/195,senego.com
HUMANITARIAN AFFAIRS OFFICER (Risk and Compliance) (Multiple Duty Stat...,N/A,Dakar,Emplois,26 mars 2026 à 18h00,https://annonces.senego.com/humanitarian-affairs-officer-risk-and-compliance-multiple-duty-stations-p4cdi/196,senego.com
Consultant Support FAI,N/A,Dakar,Emplois,26 mars 2026 à 12h00,https://annonces.senego.com/consultant-support-fai/194,senego.com
Deux (02) Électriciens,N/A,Dakar,Emplois,26 mars 2026 à 0h00,https://annonces.senego.com/deux-02-electriciens/190,senego.com
02 Menuisiers,N/A,Dakar,Emplois,26 mars 2026 à 0h00,https://annonces.senego.com/02-menuisiers/188,senego.com
Professeur français/mathématiques pour orphelinat,N/A,Dakar,Emplois,26 mars 2026 à 0h00,https://annonces.senego.com/professeur-francais-mathematiques-pour-orphelinat/185,senego.com
Chargé de support technique (bilingue),N/A,Dakar,Emplois,26 mars 2026 à 0h00,https://annonces.senego.com/charge-de-support-technique-bilingue/182,senego.com
Directeur d’exploitation,N/A,Dakar,Emplois,26 mars 2026 à 0h00,https://annonces.senego.com/directeur-dexploitation/179,senego.com
02 Mécaniciens,N/A,Dakar,Emplois,26 mars 2026 à 0h00,https://annonces.senego.com/02-mecaniciens/192,senego.com
Deux (02) Techniciens Instrumentistes,N/A,Dakar,Emplois,26 mars 2026 à 0h00,https://annonces.senego.com/deux-02-techniciens-instrumentistes/189,senego.com
Deux (02) Agents moyens généraux,N/A,Dakar,Emplois,26 mars 2026 à 0h00,https://annonces.senego.com/deux-02-agents-moyens-generaux/186,senego.com
Responsable des Ventes,N/A,Dakar,Emplois,26 mars 2026 à 0h00,https://annonces.senego.com/responsable-des-ventes/183,senego.com
Responsable administratif et financier,N/A,Dakar,Emplois,26 mars 2026 à 0h00,https://annonces.senego.com/responsable-administratif-et-financier/180,senego.com
Responsable RH,N/A,Dakar,Emplois,26 mars 2026 à 0h00,https://annonces.senego.com/responsable-rh/177,senego.com
Public Health Specialist (Emergency Management),N/A,Dakar,Emplois,25 mars 2026 à 0h00,https://annonces.senego.com/public-health-specialist-emergency-management/176,senego.com
Aide Gouvernante,N/A,Dakar,Emplois,25 mars 2026 à 0h00,https://annonces.senego.com/aide-gouvernante/173,senego.com
Gestionnaire du patrimoine – Lots techniques,N/A,Dakar,Emplois,25 mars 2026 à 0h00,https://annonces.senego.com/gestionnaire-du-patrimoine-lots-techniques/170,senego.com
Spécialiste Infrastructure – Cloud,N/A,Dakar,Emplois,25 mars 2026 à 0h00,https://annonces.senego.com/specialiste-infrastructure-cloud/167,senego.com
"PostDoc in Data Science, Modelling",N/A,Dakar,Emplois,25 mars 2026 à 0h00,https://annonces.senego.com/postdoc-in-data-science-modelling/164,senego.com
Chargé(e) National (e) des Affaires Humanitaires,N/A,Dakar,Emplois,25 mars 2026 à 0h00,https://annonces.senego.com/charge-e-national-e-des-affaires-humanitaires/161,senego.com
Commercial – Marketing Digital,N/A,Dakar,Emplois,25 mars 2026 à 0h00,https://annonces.senego.com/commercial-marketing-digital/171,senego.com
Superviseur HSE,N/A,Dakar,Emplois,25 mars 2026 à 0h00,https://annonces.senego.com/superviseur-hse/162,senego.com
Technicien en surveillance et système de contrôle d’accès,N/A,Dakar,Emplois,25 mars 2026 à 0h00,https://annonces.senego.com/technicien-en-surveillance-et-systeme-de-controle-dacces/172,senego.com
Gestionnaire de la sécurité incendie,N/A,Dakar,Emplois,25 mars 2026 à 0h00,https://annonces.senego.com/gestionnaire-de-la-securite-incendie/169,senego.com
Responsable des opérations des partenariats,N/A,Dakar,Emplois,25 mars 2026 à 0h00,https://annonces.senego.com/responsable-des-operations-des-partenariats/166,senego.com
Point focal,N/A,Dakar,Emplois,25 mars 2026 à 0h00,https://annonces.senego.com/point-focal/163,senego.com
Commercial Secteur : Location de voitures & Transport touristique,N/A,Dakar,Emplois,24 mars 2026 à 12h00,https://annonces.senego.com/commercial-secteur-location-de-voitures-transport-touristique/160,senego.com
Responsable Financier (Finance manager),N/A,Dakar,Emplois,24 mars 2026 à 0h00,https://annonces.senego.com/responsable-financier-finance-manager/154,senego.com
Programme Manager,N/A,Dakar,Emplois,24 mars 2026 à 0h00,https://annonces.senego.com/programme-manager/151,senego.com
UI/UX Designer,N/A,Dakar,Emplois,24 mars 2026 à 0h00,https://annonces.senego.com/ui-ux-designer/148,senego.com
Data scientist / biostatisticien(ne) clinique,N/A,Dakar,Emplois,24 mars 2026 à 0h00,https://annonces.senego.com/data-scientist-biostatisticien-ne-clinique/145,senego.com
Junior Business Development Manager / Trainee,N/A,Dakar,Emplois,24 mars 2026 à 0h00,https://annonces.senego.com/junior-business-development-manager-trainee/158,senego.com
Ingénieur en Electromécanique,N/A,Dakar,Emplois,24 mars 2026 à 0h00,https://annonces.senego.com/ingenieur-en-electromecanique/155,senego.com
Buandier,N/A,Dakar,Emplois,24 mars 2026 à 0h00,https://annonces.senego.com/buandier/152,senego.com
Communications and Multimedia Officer (bilingue),N/A,Dakar,Emplois,24 mars 2026 à 0h00,https://annonces.senego.com/communications-and-multimedia-officer-bilingue/149,senego.com
Chercheur en science clinique,N/A,Dakar,Emplois,24 mars 2026 à 0h00,https://annonces.senego.com/chercheur-en-science-clinique/146,senego.com
Chargé(e) de projets et de programmes cultuels d’évènements,N/A,Dakar,Emplois,24 mars 2026 à 0h00,https://annonces.senego.com/charge-e-de-projets-et-de-programmes-cultuels-devenements/159,senego.com
Commerciale,N/A,Dakar,Emplois,24 mars 2026 à 0h00,https://annonces.senego.com/commerciale/143,senego.com
Chargé·e Développement Commercial & Relation Client B2B,N/A,Dakar,Emplois,24 mars 2026 à 0h00,https://annonces.senego.com/charge·e-developpement-commercial-relation-client-b2b/156,senego.com
COMMERCIAL DAKAR,N/A,Dakar,Emplois,23 mars 2026 à 12h01,https://annonces.senego.com/commercial-dakar/142,senego.com
Conseiller Commercial Particuliers,N/A,Dakar,Emplois,22 mars 2026 à 12h01,https://annonces.senego.com/conseiller-commercial-particuliers/141,senego.com
Comercial Technicien Biomédical Spécialisé en Ophtalmologie,N/A,Dakar,Emplois,21 mars 2026 à 18h02,https://annonces.senego.com/comercial-technicien-biomedical-specialise-en-ophtalmologie/140,senego.com
Software Solution Architect,N/A,Dakar,Emplois,21 mars 2026 à 18h02,https://annonces.senego.com/software-solution-architect/139,senego.com
Ambassadeur Digital SOS-Expat – réseaux sociaux – ouvert à tous,N/A,Dakar,Emplois,21 mars 2026 à 12h01,https://annonces.senego.com/ambassadeur-digital-sos-expat-reseaux-sociaux-ouvert-a-tous/137,senego.com
IT Manager,N/A,Dakar,Emplois,21 mars 2026 à 12h01,https://annonces.senego.com/it-manager/138,senego.com
Responsable Financier (Finance Manager),N/A,Dakar,Emplois,21 mars 2026 à 0h01,https://annonces.senego.com/responsable-financier-finance-manager/133,senego.com
Spécialiste en laboratoire et en diagnostic-Santé ani...,N/A,Dakar,Emplois,21 mars 2026 à 0h01,https://annonces.senego.com/specialiste-en-laboratoire-et-en-diagnostic-sante-ani.../130,senego.com
Spécialiste en épidémiologie et surveillance,N/A,Dakar,Emplois,21 mars 2026 à 0h01,https://annonces.senego.com/specialiste-en-epidemiologie-et-surveillance/132,senego.com
"Consultant régional en informatique (Dakar, Sénégal)",N/A,Dakar,Emplois,20 mars 2026 à 18h01,https://annonces.senego.com/consultant-regional-en-informatique-dakar-senegal/127,senego.com
"APPEL D'OFFRE / Matériaux de construction dans huit régions : Dakar, D...",N/A,Dakar,Emplois,20 mars 2026 à 18h01,https://annonces.senego.com/appel-doffre-materiaux-de-construction-dans-huit-regions-dakar-diourbel-kaffrine-fatick-louga-saint-louis-thies-kaolack/128,senego.com
Ingénieur QHSE Terrain,N/A,Dakar,Emplois,20 mars 2026 à 18h01,https://annonces.senego.com/ingenieur-qhse-terrain/129,senego.com
Appel à Consultance / Développement d'outils de conseil centrés sur le...,N/A,Dakar,Emplois,20 mars 2026 à 12h01,https://annonces.senego.com/appel-a-consultance-developpement-doutils-de-conseil-centres-sur-les-femmes-et-formation-des-agents-de-sante-au-senegal/126,senego.com
Container Cleaner,N/A,Dakar,Emplois,20 mars 2026 à 0h02,https://annonces.senego.com/container-cleaner/111,senego.com
APPEL D'OFFRE / Matériaux de construction dans huit r�...,N/A,Dakar,Emplois,20 mars 2026 à 0h02,https://annonces.senego.com/appel-doffre-materiaux-de-construction-dans-huit-r.../108,senego.com
Assistant de recherche,N/A,Dakar,Emplois,20 mars 2026 à 0h02,https://annonces.senego.com/assistant-de-recherche/124,senego.com
Superviseur de Travaux (Senior),N/A,Dakar,Emplois,20 mars 2026 à 0h02,https://annonces.senego.com/superviseur-de-travaux-senior/121,senego.com
Équipier.e,N/A,Dakar,Emplois,20 mars 2026 à 0h02,https://annonces.senego.com/equipier.e/118,senego.com
Gouvernant.e Générale Adjointe,N/A,Dakar,Emplois,20 mars 2026 à 0h02,https://annonces.senego.com/gouvernant.e-generale-adjointe/115,senego.com
Agent de transit,N/A,Dakar,Emplois,20 mars 2026 à 0h02,https://annonces.senego.com/agent-de-transit/112,senego.com
Regional Human Resources Officer (P),N/A,Dakar,Emplois,20 mars 2026 à 0h02,https://annonces.senego.com/regional-human-resources-officer-p/125,senego.com
Senior HR Business Partner,N/A,Dakar,Emplois,20 mars 2026 à 0h02,https://annonces.senego.com/senior-hr-business-partner/109,senego.com
Gestionnaire du budget et des ressources CEM,N/A,Dakar,Emplois,20 mars 2026 à 0h02,https://annonces.senego.com/gestionnaire-du-budget-et-des-ressources-cem/122,senego.com
Commis.e Cuisine,N/A,Dakar,Emplois,20 mars 2026 à 0h02,https://annonces.senego.com/commis.e-cuisine/119,senego.com
Gouvernant.e d’Étages,N/A,Dakar,Emplois,20 mars 2026 à 0h02,https://annonces.senego.com/gouvernant.e-detages/116,senego.com
Programme ManagerCDI,N/A,Dakar,Emplois,19 mars 2026 à 18h02,https://annonces.senego.com/programme-managercdi/106,senego.com
Agent Communication & Marketing,N/A,Dakar,Emplois,19 mars 2026 à 18h02,https://annonces.senego.com/agent-communication-marketing/104,senego.com
Global Programmes & Philanthropy Advisor – CIFF ProgrammesCDI,N/A,Dakar,Emplois,19 mars 2026 à 18h02,https://annonces.senego.com/global-programmes-philanthropy-advisor-ciff-programmescdi/105,senego.com
"Regional Human Resources Officer (P2) Dakar, SenegalCDI",N/A,Dakar,Emplois,19 mars 2026 à 12h02,https://annonces.senego.com/regional-human-resources-officer-p2-dakar-senegalcdi/103,senego.com
Commercial & Télévente (H/F) – Dakar,N/A,Dakar,Emplois,19 mars 2026 à 12h02,https://annonces.senego.com/commercial-televente-h-f-dakar/101,senego.com
Agent(e) de développement commercial H/F,N/A,Dakar,Emplois,19 mars 2026 à 12h02,https://annonces.senego.com/agent-e-de-developpement-commercial-h-f/102,senego.com
CGPP Global Senior Technical Advisor (GSTA)CDI,N/A,Dakar,Emplois,19 mars 2026 à 6h02,https://annonces.senego.com/cgpp-global-senior-technical-advisor-gsta-cdi/90,senego.com
Responsable de la conformité,N/A,Dakar,Emplois,19 mars 2026 à 6h02,https://annonces.senego.com/responsable-de-la-conformite/74,senego.com
Responsable Stratégie et CoordinationCDI,N/A,Dakar,Emplois,19 mars 2026 à 6h02,https://annonces.senego.com/responsable-strategie-et-coordinationcdi/87,senego.com
Agent de recette réseaux optiques,N/A,Dakar,Emplois,19 mars 2026 à 6h02,https://annonces.senego.com/agent-de-recette-reseaux-optiques/71,senego.com
Assistant de direction,N/A,Dakar,Emplois,19 mars 2026 à 6h02,https://annonces.senego.com/assistant-de-direction/70,senego.com
Regional Head of Program – Central &West AfricaCDI,N/A,Dakar,Emplois,19 mars 2026 à 6h02,https://annonces.senego.com/regional-head-of-program-central-west-africacdi/86,senego.com
External Relations Intern,N/A,Dakar,Emplois,19 mars 2026 à 6h02,https://annonces.senego.com/external-relations-intern/67,senego.com
Assistant(e) Communication et MédiaCDI,N/A,Dakar,Emplois,19 mars 2026 à 6h02,https://annonces.senego.com/assistant-e-communication-et-mediacdi/83,senego.com
Conseillers CommerciauxCDD,N/A,Dakar,Emplois,19 mars 2026 à 6h02,https://annonces.senego.com/conseillers-commerciauxcdd/99,senego.com
Chargé.e de Mission auprès de la Direction (Chief of Staff Junior),N/A,Dakar,Emplois,19 mars 2026 à 6h02,https://annonces.senego.com/charge.e-de-mission-aupres-de-la-direction-chief-of-staff-junior/64,senego.com
Work Control Clerk,N/A,Dakar,Emplois,19 mars 2026 à 6h02,https://annonces.senego.com/work-control-clerk/80,senego.com
"BTP, Constructions bâtimentCDI",N/A,Dakar,Emplois,19 mars 2026 à 6h02,https://annonces.senego.com/btp-constructions-batimentcdi/96,senego.com
Dev Front-End Expérimenté – React.js,N/A,Dakar,Emplois,19 mars 2026 à 6h02,https://annonces.senego.com/dev-front-end-experimente-react.js/61,senego.com
Développeur Expérimenté,N/A,Dakar,Emplois,19 mars 2026 à 6h02,https://annonces.senego.com/developpeur-experimente/77,senego.com
FONGA Coordination & Localisation Manager SenegalCDI,N/A,Dakar,Emplois,19 mars 2026 à 6h02,https://annonces.senego.com/fonga-coordination-localisation-manager-senegalcdi/93,senego.com
Programme Risk Management Intern,N/A,Dakar,Emplois,19 mars 2026 à 6h02,https://annonces.senego.com/programme-risk-management-intern/68,senego.com
Director of PartnershipsCDI,N/A,Dakar,Emplois,19 mars 2026 à 6h02,https://annonces.senego.com/director-of-partnershipscdi/84,senego.com
Conseiller commercial/MarketingCDD,N/A,Dakar,Emplois,19 mars 2026 à 6h02,https://annonces.senego.com/conseiller-commercial-marketingcdd/97,senego.com
CDD – Chef de projet PROALAB F/HCDI,N/A,Dakar,Emplois,19 mars 2026 à 6h02,https://annonces.senego.com/cdd-chef-de-projet-proalab-f-hcdi/81,senego.com
GARDIEN / AGENT DE SÉCURITÉ – Dakar – Sénégal – H/FCDI,N/A,Dakar,Emplois,19 mars 2026 à 6h02,https://annonces.senego.com/gardien-agent-de-securite-dakar-senegal-h-fcdi/94,senego.com
Dev Full Stack Expérimenté – Java / Angular,N/A,Dakar,Emplois,19 mars 2026 à 6h02,https://annonces.senego.com/dev-full-stack-experimente-java-angular/62,senego.com
Chef commercial terrain,N/A,Dakar,Emplois,19 mars 2026 à 6h02,https://annonces.senego.com/chef-commercial-terrain/78,senego.com
Program ManagerCDI,N/A,Dakar,Emplois,19 mars 2026 à 6h02,https://annonces.senego.com/program-managercdi/91,senego.com
Chargé.e de dossier comptable/Caissier.ère,N/A,Dakar,Emplois,19 mars 2026 à 6h02,https://annonces.senego.com/charge.e-de-dossier-comptable-caissier.ere/75,senego.com
"Spécialiste des données pour le Sénégal, basé.e à DakarCDI",N/A,Dakar,Emplois,19 mars 2026 à 6h02,https://annonces.senego.com/specialiste-des-donnees-pour-le-senegal-base.e-a-dakarcdi/88,senego.com
Community Manager,N/A,Dakar,Emplois,19 mars 2026 à 6h02,https://annonces.senego.com/community-manager/72,senego.com
Chauffeur Yango,N/A,Dakar,Emplois,19 mars 2026 à 6h02,https://annonces.senego.com/chauffeur-yango/76,senego.com
"Senior Research Officer for West & Central Africa, based in DakarCDI",N/A,Dakar,Emplois,19 mars 2026 à 6h02,https://annonces.senego.com/senior-research-officer-for-west-central-africa-based-in-dakarcdi/92,senego.com
Stagiaire en Contrôle de Gestion,N/A,Dakar,Emplois,19 mars 2026 à 6h02,https://annonces.senego.com/stagiaire-en-controle-de-gestion/73,senego.com
"Global Energy Adviser, Solarisation – Central & West Africa (CWA)CDI",N/A,Dakar,Emplois,19 mars 2026 à 6h02,https://annonces.senego.com/global-energy-adviser-solarisation-central-west-africa-cwa-cdi/89,senego.com
Un.e stagiaire assistant(e) de direction / communication,N/A,Dakar,Emplois,19 mars 2026 à 0h23,https://annonces.senego.com/un.e-stagiaire-assistant-e-de-direction-communication/46,senego.com
FONGA Coordination & Localisation Manager Senegal,N/A,Dakar,Emplois,19 mars 2026 à 0h23,https://annonces.senego.com/fonga-coordination-localisation-manager-senegal/43,senego.com
Formateur(trice) en Data Sciences,N/A,Dakar,Emplois,19 mars 2026 à 0h23,https://annonces.senego.com/formateur-trice-en-data-sciences/59,senego.com
CGPP Global Senior Technical Advisor (GSTA),N/A,Dakar,Emplois,19 mars 2026 à 0h23,https://annonces.senego.com/cgpp-global-senior-technical-advisor-gsta/40,senego.com
Recrutement Télévendeurs Expérimentés,N/A,Dakar,Emplois,19 mars 2026 à 0h23,https://annonces.senego.com/recrutement-televendeurs-experimentes/56,senego.com
Responsable Stratégie et Coordination,N/A,Dakar,Emplois,19 mars 2026 à 0h23,https://annonces.senego.com/responsable-strategie-et-coordination/37,senego.com
Conseillers Commerciaux,N/A,Dakar,Emplois,19 mars 2026 à 0h23,https://annonces.senego.com/conseillers-commerciaux/53,senego.com
Director of Partnerships,N/A,Dakar,Emplois,19 mars 2026 à 0h23,https://annonces.senego.com/director-of-partnerships/34,senego.com
"BTP, Constructions bâtiment",N/A,Dakar,Emplois,19 mars 2026 à 0h23,https://annonces.senego.com/btp-constructions-batiment/50,senego.com
CDD – Chef de projet PROALAB F/H,N/A,Dakar,Emplois,19 mars 2026 à 0h23,https://annonces.senego.com/cdd-chef-de-projet-proalab-f-h/31,senego.com
RESPONSABLE REMUNERATION ET ADMINISTRATION DU PERSONNEL,N/A,Dakar,Emplois,19 mars 2026 à 0h23,https://annonces.senego.com/responsable-remuneration-et-administration-du-personnel/47,senego.com
GARDIEN / AGENT DE SÉCURITÉ – Dakar – Sénégal – H/F,N/A,Dakar,Emplois,19 mars 2026 à 0h23,https://annonces.senego.com/gardien-agent-de-securite-dakar-senegal-h-f/44,senego.com
Program Manager,N/A,Dakar,Emplois,19 mars 2026 à 0h23,https://annonces.senego.com/program-manager/41,senego.com
"Senior Technical Advisor, DHIS2 (Francophone)",N/A,Dakar,Emplois,19 mars 2026 à 0h23,https://annonces.senego.com/senior-technical-advisor-dhis2-francophone/57,senego.com
"Spécialiste des données pour le Sénégal, basé.e à Dakar",N/A,Dakar,Emplois,19 mars 2026 à 0h23,https://annonces.senego.com/specialiste-des-donnees-pour-le-senegal-base.e-a-dakar/38,senego.com
PHOENIX CONSULTING GROUP RECHERCHE UN COORDONNATEUR DE FLOTTE,N/A,Dakar,Emplois,19 mars 2026 à 0h23,https://annonces.senego.com/phoenix-consulting-group-recherche-un-coordonnateur-de-flotte/54,senego.com
"Regional Thematic Specialist (Climate Action and Mobility) (P4) Dakar,...",N/A,Dakar,Emplois,19 mars 2026 à 0h23,https://annonces.senego.com/regional-thematic-specialist-climate-action-and-mobility-p4-dakar-senegal-open-for-applications-from-internal-internal-equivalent-candidates/35,senego.com
Conseiller commercial/Marketing,N/A,Dakar,Emplois,19 mars 2026 à 0h23,https://annonces.senego.com/conseiller-commercial-marketing/51,senego.com
CDD – Architecte junior F/H,N/A,Dakar,Emplois,19 mars 2026 à 0h23,https://annonces.senego.com/cdd-architecte-junior-f-h/32,senego.com
CGPP Senegal Secretariat Director,N/A,Dakar,Emplois,19 mars 2026 à 0h23,https://annonces.senego.com/cgpp-senegal-secretariat-director/48,senego.com
Technical Fisheries Officer – Senegal and the Gambia,N/A,Dakar,Emplois,19 mars 2026 à 0h23,https://annonces.senego.com/technical-fisheries-officer-senegal-and-the-gambia/45,senego.com
"Senior Research Officer for West & Central Africa, based in Dakar",N/A,Dakar,Emplois,19 mars 2026 à 0h23,https://annonces.senego.com/senior-research-officer-for-west-central-africa-based-in-dakar/42,senego.com
Chauffeur (Saint-Louis),N/A,Dakar,Emplois,19 mars 2026 à 0h23,https://annonces.senego.com/chauffeur-saint-louis/58,senego.com
"Global Energy Adviser, Solarisation – Central & West Africa (CWA)",N/A,Dakar,Emplois,19 mars 2026 à 0h23,https://annonces.senego.com/global-energy-adviser-solarisation-central-west-africa-cwa/39,senego.com
Arpenteur (Surveyor),N/A,Dakar,Emplois,19 mars 2026 à 0h23,https://annonces.senego.com/arpenteur-surveyor/60,senego.com
Déclarant douanes,N/A,Dakar,Emplois,19 mars 2026 à 0h22,https://annonces.senego.com/declarant-douanes/9,senego.com
Apporteurs d'affaires,N/A,Dakar,Emplois,19 mars 2026 à 0h22,https://annonces.senego.com/apporteurs-daffaires/6,senego.com
Chef d’équipe commercial,N/A,Dakar,Emplois,19 mars 2026 à 0h22,https://annonces.senego.com/chef-dequipe-commercial/22,senego.com
Appel à Consultance / Développement d'outils de conse...,N/A,Dakar,Emplois,19 mars 2026 à 0h22,https://annonces.senego.com/appel-a-consultance-developpement-doutils-de-conse.../3,senego.com
Assistant communication / Community Manager,N/A,Dakar,Emplois,19 mars 2026 à 0h22,https://annonces.senego.com/assistant-communication-community-manager/19,senego.com
Biologiste responsable LBM Touba,N/A,Dakar,Emplois,19 mars 2026 à 0h22,https://annonces.senego.com/biologiste-responsable-lbm-touba/30,senego.com
Spécialiste Technique Carrières / Concassage,N/A,Dakar,Emplois,19 mars 2026 à 0h22,https://annonces.senego.com/specialiste-technique-carrieres-concassage/24,senego.com
Chef de Produits Téléphones Mobiles (H/F),N/A,Dakar,Emplois,19 mars 2026 à 0h22,https://annonces.senego.com/chef-de-produits-telephones-mobiles-h-f/21,senego.com
